restaurant,Asian Cuisine,Dining Experience,Food Quality,Service Speed,Staff Friendliness,Value for Money,Western Cuisine,avg_rating,review_count
103 Coffee Workshop,3.0,3.0,4.799889,3.0,3.0,4.251927,3.0,3.9444444444444446,18
1919 Restaurant,3.0,3.0,4.885951,3.0,4.937846,4.5234714,3.0,4.212765957446808,47
4 Fingers Crispy Chicken,3.0,3.0,3.9425948,3.0,3.0,3.9264486,3.0,3.6176470588235294,34
443 Bar Lounge,3.0,3.0,4.0869727,3.0,4.9623995,4.1194563,3.0,3.953846153846154,65
7TNine Bar & Kitchen,3.0,3.0,3.0,3.054694,4.934928,4.5120378,3.0,3.966666666666667,30
ABC Bistro Cafe,3.0,3.0,4.547093,3.0,3.0,4.423831,3.0,3.7903225806451615,62
ABC Foods Corner,3.0,3.0,4.6401134,3.0,3.0,3.9747672,3.0,4.0,15
AQUA Restaurant & Bar,3.0,3.0,4.961501,2.1371202,4.9559197,4.565516,3.0,4.546875,128
ATAS,3.0,3.0,3.4184632,3.0,4.955269,4.327205,3.0,3.8857142857142857,35
ATAS at The RuMa Hotel & Residences,3.0,4.9811287,4.943653,2.9502468,4.9653716,4.8721123,3.0,4.780487804878049,41
Absolute Thai,3.0,3.0,4.0377417,1.7370297,4.8791804,4.1151605,3.0,3.642857142857143,98
Acme Bar & Coffee at The Troika,3.0,3.0,3.554205,1.735083,4.7493873,3.9679732,3.0,3.336206896551724,232
Ah Koong Restaurant (Pudu),3.0,3.0,4.0332623,3.0,3.0,4.2689786,3.0,3.730769230769231,26
Al Andalus Restaurant,3.0,3.0,3.0,3.0,3.0,4.1133432,3.0,3.8666666666666667,15
Al Halabi Lounge,3.0,3.0,3.0,3.0,4.9745507,4.6387672,3.0,4.352941176470588,17
Al Rawsha Restaurant Kuala Lumpur,3.0,3.0,4.4103065,3.0,4.9745193,4.3705273,3.0,4.108695652173913,46
Al diafah Express,3.0,3.0,4.9636054,3.0,3.0,4.796517,3.0,4.5,18
Al-Amar,3.0,3.0,4.0031137,2.1173313,4.7126827,4.059104,3.0,3.909090909090909,550
Al-Amar Express,3.0,3.0,3.5143986,3.0,3.0,4.6731324,3.0,4.0,26
Al-Halabi Gourmet Restaurant,3.0,3.0,4.3300734,1.875192,4.920287,4.703742,3.0,4.435114503816794,131
Alexis,3.0,3.0,4.495792,2.0027997,4.693786,4.340683,3.0,3.588709677419355,124
Alexis Ampang,3.0,3.0,4.198804,2.2451546,4.97359,4.0060153,3.0,3.652173913043478,69
Alexis Bistro,3.0,3.0,4.1309457,2.6733234,4.9592757,4.457316,3.0,4.0,36
Ali,3.0,3.0,3.8997674,3.0,4.95004,4.162214,3.0,4.027027027027027,37
Aliyaa,3.0,3.0,4.57718,2.5900488,4.9167795,4.3005357,3.0,4.362962962962963,405
Aliyaa Island Restaurant & Bar,3.0,3.0,4.6366973,4.271585,4.963352,4.386234,3.0,4.437086092715232,151
Altitude,3.0,3.0,3.0,3.0,3.0,4.3780284,3.0,4.1875,16
Amarin Heavenly Thai,3.0,3.0,4.13514,3.0034678,4.877568,4.6301546,3.0,3.980392156862745,51
Amber Chinese Muslim Restaurant,3.0,3.0,4.440461,3.0,3.0,4.12523,3.0,3.78125,32
Anjappar Indian Chettinad Restaurant,3.0,3.0,3.5944371,3.0,3.0,4.3136754,3.0,3.7049180327868854,61
Annalakshmi,3.0,3.0,4.3392806,2.3360593,4.8550115,4.6340814,3.0,4.277777777777778,144
Anne Elizabeth The Deli Restaurant,3.0,3.0,4.2044935,3.0,3.0,4.0452538,3.0,4.193548387096774,31
Antara Restaurant,3.0,3.0,3.4901886,3.0,3.0,3.7618356,3.0,3.590909090909091,22
Ante,3.0,3.0,4.45262,3.5283856,4.9711523,4.4104333,3.0,3.9558823529411766,68
Antipodean @ Mid Valley,3.0,3.0,3.7711663,2.8856027,4.926411,4.4665904,3.0,4.422535211267606,497
Antipodean Bukit Bintang,3.0,3.0,3.0,3.0,4.9706845,4.867642,3.0,4.8,35
Antipodean City Centre,3.0,3.0,3.0,3.0,4.9682612,4.9619336,3.0,4.777777777777778,27
Antipodean Mid Valley,3.0,3.0,4.1352086,2.6183248,4.9578424,4.2124515,3.0,4.22,150
Antonio's Trattoria Calabria,3.0,3.0,4.131435,3.0,4.9305105,4.272008,3.0,4.333333333333333,18
Arabella Restaurant,3.0,3.0,4.970678,3.0,4.9654164,4.1903024,3.0,4.2727272727272725,22
Aroma Restaurant,3.0,3.0,4.298762,3.0,3.0,4.4648814,3.0,4.24,25
Arthur's Bar & Grill,3.0,3.0,4.1169415,3.0,4.835805,4.136715,3.0,4.292035398230088,113
Arthur’s Bar & Grill,3.0,3.0,4.662264,2.4509072,4.9696026,4.313658,3.0,4.088757396449704,169
Aryan Restaurant,3.0,3.0,3.0,3.0,4.9602175,4.9703135,3.0,5.0,16
Ashley's by Living Food,3.0,3.0,4.0158744,3.0,3.0,4.030331,3.0,3.85,60
Astana Restaurant,3.0,3.0,3.0,2.4474986,4.9706407,4.498172,3.0,4.482758620689655,29
Atlas Gourmet Market,3.0,3.0,4.087183,3.621699,4.9758015,4.7651525,3.0,4.28,25
Atmosphere 360 Revolving Restaurant,3.0,4.3629856,3.2660143,2.0457637,4.8586507,3.9396834,3.0,3.525333333333333,750
Aunty Christina's Sarawak Laksa,3.0,3.0,4.901669,3.0,3.0,4.0563197,3.0,4.172413793103448,29
B-Lab,3.0,3.0,4.004448,3.0,4.977906,4.7099533,3.0,4.0,25
BAAN 26,3.0,3.0,4.444639,2.5896955,4.954,4.542756,3.0,4.086614173228346,127
BAIT,3.0,3.0,4.2016883,3.0,4.9740067,4.4800344,3.0,4.102564102564102,39
BB Hailam Chicken Rice,3.0,3.0,3.0,3.0,4.9525223,4.692438,3.0,4.230769230769231,26
BBQ NIGHTS,3.0,3.0,4.419682,2.832433,4.9204664,4.4847674,3.0,4.433695652173913,920
Backofen,3.0,3.0,4.01295,3.0,3.0,4.6714797,3.0,4.105263157894737,19
Backyard,3.0,3.0,3.0,1.7163025,4.9752617,4.66841,3.0,4.038461538461538,26
Bacon & Balls,3.0,3.0,4.863484,3.0,4.9577355,4.6376944,3.0,4.17948717948718,39
Bahce Turkish Cafe,3.0,3.0,4.9099183,3.0,3.0,4.838305,3.0,4.25,16
Bakti Woodlands,3.0,3.0,4.8611956,1.476601,4.962059,4.4333196,3.0,4.291139240506329,79
Bala's Banana Leaf,3.0,3.0,4.2611895,2.855672,4.972548,4.2395897,3.0,3.8222222222222224,45
BananaBro,3.0,3.0,4.641453,3.0,4.9755015,4.7501483,3.0,4.4,25
Bankara Ramen Malaysia,3.0,3.0,4.48824,2.949081,4.963215,4.408304,3.0,3.979591836734694,49
Bar B Q Tonight Malaysia,3.0,3.0,4.0981693,3.0,4.9637127,4.312411,3.0,4.089285714285714,56
Barat Restaurant,3.0,3.0,4.939241,3.5398953,4.973593,4.902216,3.0,4.666666666666667,48
Barbeque Nation,3.0,3.0,4.7992487,3.0,4.951173,4.7948327,3.0,4.65,20
Basil Thai,3.0,3.0,4.5698524,3.0,3.0,3.4673615,3.0,3.793103448275862,29
Beast,3.0,3.0,4.0070977,2.029138,4.978949,4.037757,3.0,3.585714285714286,70
Bedouin Arabian Cuisine,3.0,3.0,4.481545,3.0,3.0,4.259537,3.0,4.315789473684211,19
Ben's,3.0,3.0,3.412483,1.949596,4.282137,3.9218354,3.0,3.179054054054054,296
Bentley's Pub,3.0,3.0,3.0,3.0,4.96422,4.4844985,3.0,4.166666666666667,36
Berjaya Cafe,3.0,3.0,3.969123,4.064629,4.9675016,4.4861274,3.0,4.0,67
Beta KL,3.0,4.9506707,4.8695116,2.8363016,4.934342,4.5645423,3.0,4.544401544401544,259
Bijan,3.0,3.0,4.250094,2.3390603,4.922785,4.3907385,3.0,4.017667844522968,283
Birch,3.0,3.0,4.3656764,2.3303535,4.9662886,4.070023,3.0,3.6979166666666665,96
Blue Boy Vegetarian Food Centre,3.0,3.0,4.8605385,3.0,3.0,4.4092183,3.0,4.25,48
Boardwalk,3.0,4.9774704,3.0,3.0,4.9645686,4.0719514,3.0,3.9,20
Bobo KL,3.0,3.0,4.647388,3.0,4.9631567,4.599301,3.0,4.511627906976744,43
Bombay Palace,3.0,3.0,4.1680527,2.6431112,4.866349,4.0845914,3.0,4.011097410604193,811
Bonne Gilla,3.0,3.0,3.0,3.0,4.9751053,4.963701,3.0,4.722222222222222,18
Botanica+Co Restaurant & Bar,3.0,3.0,3.843515,2.1424432,4.9763336,4.0696206,3.0,3.5307692307692307,130
Brasserie 25,3.0,3.0,4.0141873,2.97738,4.9568353,4.4070797,3.0,4.240259740259741,154
Brasserie Fritz,3.0,3.0,4.6957083,3.0,4.9746256,4.3942356,3.0,4.125,24
BreadFruits,3.0,3.0,4.547103,3.0,3.0,3.9278996,3.0,3.5,34
Breakfast Thieves,3.0,3.0,4.300287,2.0419748,4.9702883,4.099621,3.0,3.684931506849315,73
Brussels Beer Cafe,3.0,3.0,4.7508497,2.075042,3.0,4.319626,3.0,3.721311475409836,61
Bubble Bee Cafe,3.0,3.0,4.7695613,3.0,3.0,4.3776555,3.0,4.208333333333333,24
Buns Burger Bar,3.0,3.0,4.9022093,3.0,3.0,4.361091,3.0,4.2631578947368425,19
Busaba,3.0,3.0,4.3431935,2.504747,4.968506,4.0154114,3.0,3.864864864864865,37
Byblos Cafe & Lounge,3.0,3.0,3.0,3.0,4.9723144,4.2660584,3.0,4.068965517241379,29
CEDAR on 15,3.0,3.0,4.2420025,3.0,4.9688387,4.5712166,3.0,4.380597014925373,134
Cafe Cafe,3.0,3.0,3.7775245,3.1336806,4.975959,4.373327,3.0,4.111111111111111,108
Cafe Capitol,3.0,3.0,4.4428773,3.0,3.0,4.4689374,3.0,3.9411764705882355,17
Cafe ETC,3.0,3.0,4.43536,2.8964996,4.8486075,4.611588,3.0,4.436619718309859,284
Cafe de Paris,3.0,3.0,4.766163,3.0,4.9691696,4.3884234,3.0,4.188405797101449,69
Cafe etc.,3.0,3.0,3.9438603,3.0,4.9763174,4.9054246,3.0,4.28125,32
Cameleon Vegetarian Restoran,3.0,3.0,4.8389335,3.0,3.0,4.6958857,3.0,4.5,24
Canopy Lounge Rooftop Bar KL,3.0,3.0,4.906581,1.758857,4.9048576,4.3607483,3.0,4.518691588785047,856
Canopy Rooftop Bar and Lounge,3.0,3.0,4.9662848,3.1195948,4.966251,4.7291026,3.0,4.868372943327239,1094
Capital Cafe,3.0,3.0,4.530586,3.0,3.0,4.500147,3.0,4.333333333333333,27
Cedar On 15,3.0,3.0,3.0,1.8455095,4.9802246,4.3096957,3.0,4.052631578947368,38
Celestial Court,3.0,3.0,4.6290083,1.2750657,4.9096117,4.179654,3.0,4.181818181818182,110
Chakri Palace,3.0,3.0,3.3729815,1.6937515,4.827903,3.521507,3.0,3.1944444444444446,216
Chalet Suisse Restaurant,3.0,3.0,4.7990932,4.3994675,4.9731436,4.742226,3.0,4.631578947368421,38
Chambers Grill,3.0,4.961967,4.8170414,3.7917323,4.958599,4.694784,4.927627,4.861230329041488,699
Chamber’s Grill,3.0,3.0,4.1020246,3.0,4.9000707,4.3276057,3.0,4.241379310344827,29
Chat Masala,3.0,3.0,3.893785,2.4743094,3.0,4.041156,3.0,3.7818181818181817,55
Chateau Dionne,3.0,3.0,4.9447045,3.0,3.0,4.3355117,3.0,4.48,25
Chez Gaston,3.0,3.0,4.917679,3.0,4.908647,4.410646,3.0,4.235294117647059,34
Chili's,3.0,3.0,3.60879,3.062746,4.9666343,4.101273,3.0,3.754601226993865,163
Chilli's,3.0,3.0,2.9326527,1.8564262,4.9436083,4.133872,3.0,3.488095238095238,84
Chinoz On The Park,3.0,3.0,3.3496542,2.081751,4.591248,3.9788501,3.0,3.3824701195219125,251
Chocha Foodstore,3.0,3.0,4.604396,3.0,4.977157,4.2127724,3.0,3.9027777777777777,72
Chynna,3.666378,4.9416246,4.3961453,2.5862904,4.9400806,4.400331,3.0,4.489664082687338,774
Ciao,3.0,3.0,3.9590192,3.167371,4.6510534,4.5397825,3.0,3.970149253731343,67
Cielo KL,3.0,3.0,3.0,2.2974102,4.955145,4.300277,3.0,4.2057142857142855,175
Cielo Sky Dining & Lounge,3.0,4.9761434,4.953188,2.7104282,4.966445,4.8511033,3.0,4.847727272727273,440
Cilantro Restaurant & Wine Bar,3.0,3.0,4.3879943,2.523066,4.973528,4.101548,3.0,4.077922077922078,77
Coliseum Cafe,3.0,3.0,3.7132697,2.3660705,4.750095,4.167681,3.0,3.6863636363636365,220
Colonial Cafe,3.0,3.0,4.828401,1.5072415,4.9696407,4.0191817,3.0,3.827956989247312,93
Connoisseurs Cafe,3.0,3.0,3.0,3.0,3.0,4.6269994,3.0,3.7586206896551726,29
Contango,3.0,4.942586,4.0895033,2.9641988,4.804463,4.114794,3.0,4.10374149659864,588
Cozy Corner (Ampang Park),3.0,3.0,3.6928604,3.0,3.972315,3.83444,3.0,3.627906976744186,43
Crystal,3.0,3.0,3.0,3.0,4.970092,4.9046674,3.0,4.8,20
Cu Cha Restaurant,3.0,3.0,4.910367,3.0,3.0,4.159303,3.0,3.981818181818182,55
Curate,3.0,3.0,4.1214757,2.886708,4.967606,3.8287635,3.0,3.689655172413793,58
Curate At Four Seasons Hotel Kuala Lumpur,3.0,4.9736357,4.4636726,3.0423887,4.9631076,4.3821526,3.0,4.49171270718232,181
D Legends bar,3.0,3.0,3.0,4.392342,4.9637494,4.8329444,3.0,4.5,44
DC Restaurant,3.0,3.0,4.9201922,3.7941897,4.938268,4.496378,3.0,4.594202898550725,69
DIN by Din Tai Fung at Suria KLCC (NO PORK),3.0,3.0,4.577365,3.0,3.0,4.0713644,3.0,4.0344827586206895,58
Da On Fine Korean Cuisine,3.0,3.0,4.236957,3.0,4.7275395,4.4768767,3.0,4.186046511627907,43
Damascus Restoran,3.0,3.0,4.4919443,3.0,4.9636993,4.9088097,3.0,4.666666666666667,15
Dancing Fish,3.0,3.0,4.641659,1.8141637,4.805262,4.461248,3.0,4.223880597014926,335
Daorea Korean BBQ,3.0,3.0,4.8400497,3.0,3.0,3.8840914,3.0,3.764705882352941,17
Dc Comics Superheroes Cafe,3.0,3.0,4.8281417,1.4593983,4.837981,4.4351315,3.0,4.162162162162162,148
De.Wan,3.0,3.0,3.0,2.6596599,4.9734793,4.488351,3.0,4.052631578947368,19
De.Wan 1958 By Chef Wan,3.0,3.0,4.881831,4.0651402,4.9638777,4.089119,3.0,4.357142857142857,28
Deep Blue,3.0,3.0,3.0,3.0,4.9758534,4.0052543,3.0,3.789473684210526,19
Define:food,3.0,3.0,3.8844633,3.0,3.0,4.126474,3.0,3.8333333333333335,18
Delay No More Crab Restaurant,3.0,3.0,4.6750064,1.7164038,3.0,4.3932457,3.0,3.88,25
Delhi Royale,3.0,3.0,4.589406,1.9016503,4.714995,4.1514077,3.0,3.8360655737704916,122
Delicious Bangsar Village 2,3.0,3.0,3.6594036,2.358362,4.9556246,3.7302275,3.0,3.42,100
Delirium Cafe,3.0,3.0,3.0,3.0,4.9535294,4.1773396,3.0,3.9285714285714284,28
Devi's Corner,3.0,3.0,4.4009714,1.7252213,4.9529805,4.09926,3.0,3.6914893617021276,188
Dewakan Restaurant,3.0,4.9573426,3.99487,2.9555788,4.9277406,4.449013,3.0,4.334951456310679,206
Din Tai Fung at The Gardens Mall,3.0,3.0,4.571007,3.0344102,4.7250276,4.383131,3.0,4.097938144329897,194
Din Tai Fung 鼎泰豐 at The Gardens Mall,4.8726645,3.5252597,4.115502,3.134923,4.840857,3.8165934,3.0,4.006521739130434,460
Dining In The Dark KL,3.0,4.9163504,4.327364,4.417179,4.9378157,4.6075845,3.0,4.6688009313154835,1718
Dolly Dim Sum,3.0,3.0,4.6368365,2.2781248,4.9729404,4.264109,3.0,3.88671875,256
Dome Cafe (Connections),3.0,3.0,3.0049198,2.2832634,3.9992182,3.8296192,3.0,3.3424657534246576,73
Down to Bones,3.0,3.0,3.9782043,3.0,3.0,4.5161514,3.0,4.105263157894737,19
Dragon-i,3.0,3.0,4.2640185,1.9795321,4.9563966,3.783531,3.0,3.5636363636363635,110
Dragon-i Peking Duck Restaurant @ Pavilion KL,3.0,3.0,4.13219,2.8948278,4.959619,4.0715513,3.0,3.7628865979381443,97
Drop Exchange,3.0,3.0,4.6433954,3.0,4.968577,4.655986,3.0,4.411764705882353,17
Du Viet Vietnamese Restaurant,3.0,3.0,3.100688,3.0,4.3723474,4.1873426,3.0,3.507936507936508,63
Duddha,3.0,3.0,3.0,3.0,3.0,4.236203,3.0,3.6315789473684212,19
Eat X Dignity Cafe,3.0,3.0,4.5975313,3.158376,4.9064474,4.5972514,3.0,4.489473684210527,380
Edo Ichi,3.0,3.0,4.717549,3.0,3.0,4.6302214,3.0,4.2592592592592595,27
Ekkamai,3.0,3.0,4.644872,3.0,4.927283,3.8835878,3.0,4.0,69
El Cerdo,3.0,4.958599,4.4769535,4.075283,4.957218,4.5872664,4.9257727,4.56924882629108,852
El Iberico,3.0,3.0,4.4644094,3.0,4.850718,4.1630783,3.0,4.103448275862069,87
El Mesón,3.0,3.0,4.6754255,2.190663,4.972454,4.5200343,3.0,4.094117647058823,85
El Sid's Bar,3.0,3.0,3.0,3.0,3.0,4.3009176,3.0,4.2,15
El Toro Loco @ Cormar Suites,3.0,3.0,4.838154,3.0,4.958805,4.2336555,3.0,4.34453781512605,119
El Toro Loco KL,3.0,3.0,3.0,3.0,4.9747415,4.761637,3.0,4.795454545454546,88
Elegant Inn Hong Kong Cuisine,3.0,3.0,4.871305,2.8417935,3.0,4.4767766,3.0,4.042553191489362,47
Emily's Steakhouse Kuala Lumpur,3.0,3.0,4.377285,2.0935016,4.9117064,4.5249195,3.0,4.41970802919708,274
Enoteca Vino & Cucina,3.0,3.0,4.267785,2.949817,4.954326,4.1978607,3.0,3.8684210526315788,38
Entier French Dining,3.0,3.0,4.534105,1.962706,4.8525496,4.4346633,3.0,4.0588235294117645,68
Essence Restaurant,3.0,3.0,4.341006,1.8711865,4.8265996,4.096117,3.0,3.9655172413793105,116
Estana Curry House,3.0,3.0,3.0,3.0,3.0,4.467426,3.0,4.172413793103448,29
Express Teppanyaki,3.0,3.0,4.350533,3.0,3.0,4.357075,3.0,4.045454545454546,22
FLOUR,3.0,3.0,4.3667884,2.874521,4.944951,4.0133495,3.0,3.9074074074074074,108
FS Nasi Kandar Corner,3.0,3.0,4.402115,2.648275,4.9681396,4.5418086,3.0,4.413043478260869,92
Fat Brother,3.0,3.0,4.6197424,3.0,3.0,4.377713,3.0,4.578947368421052,19
Fatboy's The Burger Bar,3.0,3.0,4.2378893,3.8097622,3.0,4.051022,3.0,3.9361702127659575,47
Favola,3.0,4.9665146,3.805543,2.4724238,4.810809,3.8715112,3.0,4.138613861386139,101
Favola Italian Restaurant,3.0,4.969322,4.7439747,3.6198754,4.9691815,4.6604004,3.0,4.669398907103825,366
Feast Village Starhill Gallery,3.0,3.0,3.0,3.0,3.0,4.444582,3.0,3.9285714285714284,28
Fish & Co. (pavilion Kl),3.0,3.0,4.2794743,3.0,4.874406,3.8028114,3.0,3.6785714285714284,28
Fisherman's Cove,3.0,3.0,4.7008076,3.0,3.0,4.420922,3.0,3.966666666666667,30
Flock,3.0,4.9702735,4.4727416,3.6615145,4.936977,4.446746,3.0,4.592417061611374,211
Fong Lye,3.0,3.0,4.57132,2.381332,3.0,4.143875,3.0,4.064516129032258,31
Fong Lye Fusion,3.0,3.0,4.544234,3.0,3.0,4.239048,3.0,3.7941176470588234,34
French Feast,3.0,3.0,4.318667,2.7726429,3.0,4.380119,3.0,3.769230769230769,26
Fresca Mexican Kitchen & Bar,3.0,3.0,4.115625,2.078455,4.9762254,4.405479,3.0,3.9270833333333335,96
Frisky Goat,3.0,3.0,4.592387,3.8027625,4.973164,4.448375,3.0,3.9661016949152543,59
Fuel Shack - Terminal Bersepadu Selatan,3.0,3.0,2.8112369,3.0,4.9641643,3.968199,3.0,3.586206896551724,29
Fuel Shack Signature,3.0,3.0,3.8659291,2.6979687,4.8450503,4.348507,3.0,3.8768115942028984,138
GO Noodle House,3.0,3.0,4.145423,3.0,3.0,3.9989822,3.0,3.9714285714285715,35
Gastro Sentral,3.0,4.9742217,4.2639585,3.1416261,4.9377327,4.445872,3.0,4.5136612021857925,366
Gavel Coffee Kitchen Craft Beers,3.0,3.0,4.8858995,3.0,3.0,4.5479007,3.0,4.390243902439025,41
Gem Restaurant,3.0,3.0,4.423305,2.1755135,4.9710493,4.3082256,3.0,3.7876106194690267,113
Geographer Cafe,3.0,3.0,4.0673056,3.0,4.846476,4.689161,3.0,4.586956521739131,46
Geographer cafe Kuala Lumpur,3.0,3.0,3.043428,3.0,4.952402,4.4091578,3.0,4.337142857142857,175
Gin Ger,3.0,3.0,4.305452,3.0,4.9353623,4.266053,3.0,4.172413793103448,29
GinRikSha,3.0,3.0,4.2477794,3.0,4.966804,4.4100857,3.0,4.076923076923077,26
Ginger Restaurant,3.0,3.0,4.202917,1.7936052,4.950181,4.476052,3.0,3.860215053763441,93
Glass Tartines and Tipples,3.0,3.0,3.0,3.0,4.9758987,4.608541,3.0,4.142857142857143,28
Go Noodle House,3.0,3.0,4.808301,3.0,3.0,4.3020544,3.0,4.352941176470588,17
Gobo Chit Chat,3.0,3.0,3.9482381,1.8692367,4.955076,3.9802022,3.0,3.8372093023255816,172
Gobo Upstairs Lounge & Grill,3.0,3.0,4.009943,2.350885,4.862623,4.3781595,3.0,4.153846153846154,260
Goodness Greens Cafe,3.0,3.0,4.342092,1.5138563,3.0,4.422313,3.0,3.9285714285714284,28
Grand Harbour Restaurant,3.0,3.0,4.1722445,2.2432017,4.945366,4.1846375,3.0,3.7560975609756095,41
Grand Imperial Restaurant,3.0,3.0,4.292586,2.2124722,4.905665,4.122592,3.0,3.912280701754386,57
Grandmama's,3.0,3.0,2.9821947,3.0,4.9406857,4.276322,3.0,3.642857142857143,28
Grandmama's Intermark KL,3.0,3.0,4.0452423,3.188158,4.9631753,4.3258524,3.0,3.7058823529411766,34
Gravybaby Jalan P Ramlee,3.0,3.0,4.6430902,3.321963,4.923985,4.844307,3.0,4.654320987654321,162
Graze,3.0,3.0,3.8321018,3.530632,3.0,3.4731107,3.0,3.4193548387096775,31
Graze Restaurant,3.0,4.8993373,4.7257814,3.9005766,4.9535117,4.4854727,4.8086367,4.610441767068273,249
Greyhound Cafe,3.0,3.0,4.224913,3.0,4.888518,3.7096753,3.0,3.482142857142857,56
GridIron Sports Cafe & Lounge,3.0,3.0,3.0,3.0,3.0,4.6278157,3.0,4.095238095238095,21
HANAYA Japanese Dining,3.0,3.0,4.943923,3.0,4.9774265,4.4804406,3.0,4.473684210526316,19
Hadramawt Restaurant,3.0,3.0,4.85707,3.0,4.725262,4.13002,3.0,4.0256410256410255,39
Hakka,3.0,3.0,4.1565137,3.0,4.9646363,3.9059355,3.0,3.740740740740741,27
Hakka Restaurant,3.0,3.0,4.1147447,2.331575,4.778339,4.325616,3.0,3.9023066485753053,737
Halab KL,3.0,3.0,4.5448356,2.0990825,4.9182343,4.380124,3.0,4.316535433070866,635
Halab KL Beremi,3.0,3.0,3.275198,3.0,4.945194,4.970207,3.0,4.8125,16
Hanare Authentic Japanese Cuisine,3.0,3.0,4.023909,1.8499587,4.9546685,4.072757,3.0,3.705263157894737,95
Hard Rock Cafe,3.0,4.792703,4.3166733,2.4559705,4.8775725,4.108106,3.0,3.803072625698324,716
Harrods Cafe,3.0,3.0,3.5556238,2.1567686,4.973966,3.935355,3.0,3.388888888888889,108
Havana Bar & Grill,3.0,3.0,4.1128545,2.1200967,4.889614,4.3658943,3.0,4.041431261770245,531
Havelly,3.0,3.0,4.3227553,3.0,4.953183,4.5444007,3.0,4.2272727272727275,22
Hawker Stalls in Chinatown,3.0,3.0,3.0,3.0,3.0,4.2152114,3.0,3.810810810810811,37
Healy Mac's,3.0,3.0,4.893857,3.605224,4.9611144,4.744838,3.0,4.773399014778325,406
Healy Mac's 12 Bar Cafe,3.0,3.0,3.0,2.5818813,4.977171,3.8842084,3.0,3.7384615384615385,65
Healy Mac's Irish Bar and Restaurant,3.0,3.0,4.595566,3.4345856,4.9675775,4.669085,3.0,4.582010582010582,378
Heun Kee Claypot Chicken Rice,3.0,3.0,4.4500995,3.0,3.0,4.864317,3.0,4.2592592592592595,27
Hiong Kong Restaurant,3.0,3.0,4.574845,3.0,3.0,4.455852,3.0,4.4,15
Hit & Mrs,3.0,3.0,3.0,3.0,3.0,4.6361036,3.0,4.25,20
Ho Kow Hainanese Kopitiam,3.0,3.0,3.0,3.0,3.0,4.175752,3.0,3.9130434782608696,23
Hokkaido Ramen Santouka,3.0,3.0,3.6056507,4.3314342,3.0,3.9837863,3.0,3.730769230769231,26
Hong Kee Claypot Chicken Rice,3.0,3.0,3.7924583,3.0,3.0,4.4737506,3.0,3.9473684210526314,19
Horizon Grill,3.0,4.9669065,4.792224,3.9996145,4.9759817,4.626573,3.0,4.666666666666667,120
Horizon Grill @ Banyan Tree Kuala Lumpur,3.0,3.0,3.6807551,3.1512713,4.954735,4.4626427,3.0,4.258064516129032,93
Hornbill Restaurant & Cafe,3.0,3.0,3.949326,3.1813593,4.8710413,4.258861,3.0,4.146341463414634,246
Hornbill restaurant and cafe,3.0,3.0,4.0560775,3.0,3.0,4.449023,3.0,3.879194630872483,149
Hubba Mont Kiara,3.0,3.0,4.5582037,1.362448,4.9769034,4.8166094,3.0,4.153846153846154,39
Huck's Cafe,3.0,3.0,3.9784558,3.0,3.0,4.59244,3.0,4.105263157894737,19
Hussain Cafe & Restaurant,3.0,3.0,4.145515,3.0,3.0,4.6282697,3.0,3.388888888888889,18
Hyderabad Recipes,3.0,3.0,3.4488273,3.0,4.956608,3.8216794,3.0,3.673076923076923,52
ICC Pudu,3.0,3.0,3.0,3.0,3.0,3.9920533,3.0,4.1923076923076925,26
IKEA Restaurant,3.0,3.0,4.2783747,3.0,4.9437885,3.7991896,3.0,3.66,50
IPPUDO Bangsar Shopping Centre,3.0,3.0,4.652725,3.0,4.9306335,4.7421694,3.0,4.386363636363637,44
IPPUDO Gardens Mall,3.0,3.0,4.6148334,3.9689002,4.9714646,4.599956,3.0,4.136363636363637,66
Ichi Zen Japanese Restaurant,3.0,3.0,4.740285,3.0,4.9431014,4.762484,3.0,4.1891891891891895,37
Ichiban Boshi,3.0,3.0,3.7588778,2.1304598,4.9078326,4.21705,3.0,3.581818181818182,55
Iketeru,3.0,3.0,4.559124,1.9812104,4.9427967,4.0151815,3.0,4.112745098039215,204
Iketeru Restaurant,3.0,4.9669538,4.5372076,3.8352976,4.958979,4.5239186,3.0,4.758206565252202,1249
In Colonial Restaurant,3.0,3.0,4.161125,3.0,4.977943,4.6039376,3.0,4.024390243902439,41
Indian Kitchen,3.0,3.0,4.765737,3.0,3.0,3.9448516,3.0,4.0,28
Indian Kitchen Bukit Bintang,3.0,3.0,4.2902713,3.0,3.0,4.64483,3.0,4.448275862068965,29
Indian Spices Village,3.0,3.0,4.2558537,1.5280586,4.567571,4.6903453,3.0,4.1875,32
Ipoh Road Yong Tow Foo,3.0,3.0,3.0,3.0,3.0,4.4284425,3.0,4.421052631578948,19
Isetan The Japan Store Lot 10,3.0,3.0,3.0,3.0,3.0,4.4823213,3.0,4.130434782608695,23
Ishin Japanese Dining,3.0,4.963662,4.363708,3.376434,4.925894,4.474504,3.0,4.415919282511211,892
Italia & Ribs Gastronomia,3.0,3.0,4.261899,3.0,4.9728417,4.426151,3.0,4.25,28
Izakaya Hanazen,3.0,3.0,4.090631,3.0,4.9603233,4.601644,3.0,4.553191489361702,94
JP teres,3.0,3.0,4.3488026,2.3014321,4.786378,4.2886014,3.0,4.200716845878136,279
Jai Hind,3.0,3.0,3.8265054,3.0,3.0,4.509599,3.0,4.0,30
Jake's Charbroil Steaks-MEDAN DAMANSARA,3.0,3.0,4.2960854,3.0,3.0,4.5567107,3.0,4.0,20
Jalan Alor,3.0,3.0,4.4684687,2.7572196,4.7379913,4.2210116,3.0,3.9762611275964392,337
Jalan Alor Malaysian Street Food Kitchen (KLIA),3.0,3.0,4.729098,3.0,4.9552555,4.085042,3.0,3.7757009345794392,107
Jarrod & Rawlins,3.0,3.0,4.522858,2.6043012,4.9646716,4.298315,3.0,3.7916666666666665,48
Joloko,3.0,3.0,4.3183837,3.0,4.9739327,4.4938684,3.0,4.38,50
KL Seafood Market,3.0,3.0,4.5990634,3.0,4.955818,4.4357233,3.0,4.5,18
KLCC Chili's Grill & Bar,3.0,3.0,3.8028092,3.1865535,4.945022,4.332062,3.0,3.822134387351779,253
Kaiju,3.0,3.0,4.6926627,3.0,3.0,3.874238,3.0,3.9285714285714284,28
Kampachi EQ,3.0,4.953094,3.6908543,2.8065796,4.965451,4.030276,3.0,4.184397163120567,141
Kampachi Pavilion,3.0,3.0,4.3344216,2.5326254,4.95807,4.10439,3.0,4.130044843049327,223
Kampachi Pavilion KL,3.0,3.0,3.5173435,1.8819948,4.8889956,3.3469093,3.0,3.23728813559322,177
Kampung Baru Hawker Stalls,3.0,3.0,3.8239613,3.0,3.0,4.4158673,3.0,4.0,48
Kayra Authentic Kerala Cuisine,3.0,3.0,4.377342,3.159468,4.955826,4.5335484,3.0,4.162790697674419,86
Kedai Kopi Lai Foong,3.0,3.0,4.39123,2.2369316,4.3591204,4.2010736,3.0,4.127320954907161,377
Khan's Indian Cuisine,3.0,3.0,4.8012033,2.084082,4.971021,4.717936,3.0,4.761904761904762,126
Khan’s Indian Cuisine,3.0,3.0,4.6588035,2.2275934,4.8594093,4.2723675,3.0,4.411499436302142,887
Ki Ki Taiwan Cuisine,3.0,3.0,4.919871,3.0,3.0,4.8680935,3.0,4.0,17
Kikubari,3.0,3.0,3.0,3.0,4.9544487,4.0590806,3.0,4.277777777777778,18
Kinme Sashimi & Grill Bar,3.0,3.0,4.9542074,3.0,4.964518,4.8400903,3.0,4.3,20
Knowhere Bangsar,3.0,3.0,4.564231,3.5342355,4.950402,4.5873427,3.0,4.627565982404692,682
Kodawari Menya Udon & Tempura,3.0,3.0,4.709525,3.0,3.7450235,4.4020886,3.0,3.7222222222222223,18
Koon Kee Wan Tan Mee,3.0,3.0,4.0033536,3.0,3.0,3.9872463,3.0,3.7142857142857144,35
Koong Woh Tong,3.0,3.0,4.607587,3.0,3.0,4.66023,3.0,4.157894736842105,19
Koryowon Restaurant,3.0,3.0,4.9518123,3.0,4.971014,4.191667,3.0,4.0,31
Koyaku Japanese Dining & Grill,3.0,3.0,4.9594274,3.0,3.0,3.8796425,3.0,4.0,19
Kumi.,3.0,3.0,4.3470263,3.0,3.0,4.8797493,3.0,4.529411764705882,17
Kung Jung,3.0,3.0,4.3100505,3.0,3.0,4.592025,3.0,4.2,20
Kuriya Japanese Restaurant,3.0,3.0,4.328757,1.2029852,3.0,4.8006005,3.0,3.8076923076923075,26
KyoChon Pavillion,3.0,3.0,4.111468,1.6564511,3.0,3.7495341,3.0,3.5185185185185186,81
LUCE Osteria Contemporanea,3.0,3.0,4.8176937,3.52204,4.9696674,4.6636434,4.8998885,4.5703125,128
La Boca Latino Bar,3.0,3.0,4.32209,2.432246,4.9518547,4.4869285,3.0,4.348717948717948,585
La Bodega Pavilion KL,3.0,3.0,4.575493,2.2912447,4.79888,4.283842,3.0,3.873134328358209,134
La Casa Restaurant & Patisserie,3.0,3.0,4.949123,2.0235457,4.971999,4.370337,3.0,4.111111111111111,27
La Juiceria Superfoods,3.0,3.0,3.0,3.0,3.0,4.1209855,3.0,4.235294117647059,17
La Mexicana,3.0,3.0,3.678506,3.2307267,4.92299,4.3360763,3.0,4.007407407407407,135
La Risata,3.0,3.0,4.278456,1.7922398,4.064897,3.9129243,3.0,3.6842105263157894,57
La Risata - Damansara,3.0,3.0,4.3056207,1.8712473,4.9586825,4.2016606,3.0,3.641509433962264,106
La Suisse Restaurant,3.0,3.0,4.7817764,3.0,3.0,4.3200226,3.0,4.0,16
Lafite,3.0,3.0,3.962255,3.1354496,4.7822714,4.240298,3.0,4.158536585365853,82
Lai Ching Yuen,3.0,3.0,4.792551,2.6323402,4.9758434,3.9796793,3.0,4.113636363636363,44
Lai Po Heen,4.955627,4.625553,4.2332096,3.155231,4.911561,4.2262964,3.0,4.288888888888889,450
Las Carretas,3.0,3.0,3.6592371,3.0,4.9691396,4.097115,3.0,3.6666666666666665,39
Las Carretas Restaurant & Bar,3.0,3.0,4.1171713,3.0,4.940453,4.658506,3.0,4.269230769230769,26
Latest Recipe,3.0,4.9676933,4.201713,3.0558634,4.9337783,4.378633,3.0,4.478195488721805,665
Laypark Cafe & Restaurant,3.0,3.0,4.7085004,3.0,3.0,4.8785434,3.0,3.875,16
Le Gourmandin,3.0,3.0,4.3673215,3.0,4.9723654,4.0426173,3.0,4.466666666666667,15
Le Petit Chef - Kuala Lumpur,3.0,4.845258,3.935025,2.6491296,4.9750433,4.5696454,3.0,4.532934131736527,334
Le Petit Chef at ELEMENTS,3.0,4.967898,3.0,2.9475496,4.941886,3.2346063,3.0,3.3157894736842106,76
Le Shady Trinity Cafe,3.0,3.0,3.0,3.0,4.9607706,4.971602,3.0,5.0,19
Leaf & Co Cafe,3.0,3.0,4.390274,3.0,4.9652925,4.4415445,3.0,4.211764705882353,85
Legend's Claypot Briyani House,3.0,3.0,3.3538501,3.0,3.0,4.4719973,3.0,3.6153846153846154,26
Lemon Garden,3.0,4.700346,4.403542,2.7043343,4.9112725,4.020648,3.0,4.0893719806763285,414
Lemon Garden 2GO,3.0,3.0,4.2276087,3.0,4.9612403,4.572085,3.0,4.424242424242424,33
Lemon Garden Cafe,3.0,3.0,3.8212404,3.07534,4.8481803,3.7935922,3.0,3.9246435845213847,491
Leonardo's Dining Room & Wine Loft,3.0,3.0,4.662334,3.0,4.8556447,4.3137445,3.0,4.022222222222222,45
Li Yen,3.0,3.0,4.676396,3.4588068,4.95309,4.5588465,3.0,4.380434782608695,92
Li Yen at The Ritz-Carlton,3.0,3.0,2.2891603,1.9369032,4.918627,3.913601,3.0,3.78494623655914,93
Limapulo Baba Can Cook,3.0,3.0,4.2127748,2.1011994,4.9420156,4.4084735,3.0,4.044642857142857,112
Limapulo: Baba Can Cook,4.4104295,3.0,4.003636,2.576143,4.928868,4.341492,3.0,4.11,300
Link Restaurant,3.0,3.0,3.7569656,3.0,4.9758406,4.0168533,3.0,3.7142857142857144,63
Lisette's Café & Bakery,3.0,3.0,4.203994,3.0374358,4.977205,4.122349,3.0,3.8536585365853657,41
Little Penang Cafe,3.0,3.0,4.3688717,2.5666232,4.9597874,4.2007685,3.0,3.8782894736842106,304
Little Penang Kafe,3.0,3.0,4.239659,3.0,4.853931,4.195538,3.0,3.9302325581395348,86
Little Penang Kafé - KLCC,3.0,3.0,3.3336957,2.5008788,4.5250874,3.8423712,3.0,3.6700507614213196,197
Little Rara Thai Noodle House,3.0,3.0,4.946313,3.0,3.0,4.37651,3.0,4.421052631578948,19
Lobby Lounge at Shangri-La Hotel,3.0,3.0,3.0,1.1633271,4.952648,4.51684,3.0,4.3076923076923075,39
Loco Mexican Bar and Restaurant,3.0,3.0,3.0,3.0,4.6916504,4.2068577,3.0,4.2026143790849675,153
Loco bar and restaurant,3.0,3.0,4.190213,3.0,4.8511524,4.6887264,3.0,4.285714285714286,140
Lounge In The Sky Malaysia,3.0,4.981023,3.0,3.0,4.97691,4.639445,3.0,4.675,40
Lounge on the Park,3.0,3.0,3.0,1.6472766,4.959105,4.594428,3.0,4.433333333333334,90
Luce Osteria Contemporanea,3.0,3.0,4.207974,2.5129685,4.8653493,4.335615,4.440119,4.40080971659919,247
Lucky Tora,3.0,3.0,4.86835,3.0,4.980885,4.39976,3.0,4.4,25
Luk Yu Tea House,3.0,3.0,3.1265612,2.441514,4.919891,4.3917274,3.0,4.0,85
M Grill - Malaysia,3.0,3.0,4.9243116,3.0,4.968445,4.7809014,3.0,4.904761904761905,21
MO Bar at Mandarin Oriental,3.0,3.0,3.0,3.0,3.0,4.3791256,3.0,4.631578947368421,19
Madam Kwan's KLCC,4.894621,3.0,4.1974154,2.7620683,4.832193,4.2224665,3.0,3.8407699037620295,1143
Madam Kwan's Suria KLCC,3.0,3.0,3.8268244,2.2511828,4.7432256,3.8852446,3.0,3.6735395189003435,291
Madam Kwan’s,3.0,3.0,4.2102838,2.5324802,4.7539563,4.0218387,3.0,3.6732673267326734,202
Madam Tang's Stall,3.0,3.0,3.9595382,3.0,3.0,4.0446835,3.0,4.117647058823529,17
Maison Francaise,3.0,3.0,4.664698,2.0470219,4.9509215,4.161434,3.0,4.041666666666667,120
Maju Palace,3.0,3.0,3.0,3.0,3.0,4.6076202,3.0,4.037037037037037,27
Malabar Palace Bukit Bintang,3.0,3.0,4.216802,3.0,4.974457,4.627134,3.0,4.35,20
Malabar Palace Sri Hartamas,3.0,3.0,4.698285,1.6623453,4.9649134,4.7922816,3.0,4.5,92
Malai Thai Cuisine,3.0,3.0,4.684671,3.0,4.955017,4.6101108,3.0,4.714975845410628,207
Malai Thai Cuisine @ Cormar Suites,3.0,3.0,4.418195,2.7191436,4.9548936,4.3963475,3.0,4.445026178010472,191
Malaysia Boleh,3.0,3.0,3.0,3.0,3.0,3.6161575,3.0,3.8260869565217392,23
Mallikas Restaurant,3.0,3.0,4.9023614,3.0,3.0,4.379371,3.0,4.315789473684211,19
Malones,3.0,3.0,3.0,3.0,3.0,4.175812,3.0,3.923076923076923,26
Man Tao Bar,3.0,3.0,3.0,3.0,3.0,4.5865316,3.0,4.466666666666667,15
Mandarin Grill,3.0,4.957433,4.608976,3.1398213,4.9561257,4.548635,3.0,4.468634686346864,271
Manja,3.0,4.876936,4.68615,3.5244575,4.964627,4.740213,3.0,4.663656884875847,443
Manja Old Malaya,3.0,3.0,4.380853,3.359113,4.9458184,4.2964807,3.0,4.468227424749164,299
Marble 8,3.0,3.0,4.2406397,2.5985801,4.971282,4.312449,3.0,4.073333333333333,150
Marco Polo Restaurant,3.0,3.0,4.612934,1.5488315,3.0,4.467614,3.0,3.8813559322033897,59
Marhaba Restaurant - Mandi and Madfoon,3.0,3.0,4.933651,2.820624,3.0,4.5985417,3.0,4.043478260869565,23
Marini's on 57,3.0,3.0,3.5935705,2.575142,4.8587885,4.3382287,3.0,4.066579634464752,766
Marini’s on 57,3.0,4.97367,2.9914389,1.5325778,4.7602363,4.4088664,3.0,4.314401622718052,493
Marmalade Cafe & Boutique,3.0,3.0,4.749655,3.0,3.0,4.4192166,3.0,4.15,20
Marta's Kitchen @ Hartamas,3.0,4.9660544,4.340464,2.6821356,4.8038344,4.3653965,4.3575006,4.14625850340136,294
Marta's Kitchen Paella Tapas,3.0,3.0,4.693239,1.8782916,4.970385,4.4072742,3.0,4.132075471698113,106
Masjid India Hawker Court,3.0,3.0,4.237743,3.0,3.0,3.860736,3.0,3.6842105263157894,19
Meat The Porkers,3.0,3.0,4.4476986,3.117393,4.9680824,4.283795,3.0,3.981132075471698,53
Mei Keng Fatt Seafood Restaurant,3.0,3.0,4.0916085,2.313454,3.0,4.2046566,3.0,3.744186046511628,86
Mei by Fat Spoon,3.0,3.0,4.539432,3.0,3.0,4.1562896,3.0,4.125,16
Melting Pot Cafe,3.0,3.0,4.1404347,3.0,4.9176803,4.2545104,3.0,3.8351648351648353,91
Meng Kee Char Siew King,3.0,3.0,4.161574,3.0,3.0,4.0365067,3.0,4.04,25
Mercat Barcelona Gastrobar,3.0,3.0,4.9132867,2.5535126,4.9727726,4.8684053,3.0,4.743589743589744,39
Mercat Barcelona Gastrobar (1MontKiara),3.0,3.0,2.829024,1.8316253,4.956784,4.3164535,3.0,4.194805194805195,77
Mezze Bistro,3.0,3.0,4.1680017,3.8032742,4.8482604,4.1587763,3.0,3.9714285714285715,35
Michelangelo's Restaurant & Bar @ Pavilion KL,3.0,3.0,3.6151762,2.2028506,4.765229,4.187104,3.0,4.092,250
Michelangelo’s Restaurant @ Pavilion Kuala Lumpur,3.0,3.0,3.8303387,2.3960953,4.963769,4.3999643,3.0,4.0625,272
Michelangelo’s Restaurant @ Solaris Mont’ Kiara,3.0,3.0,4.9721828,3.538677,4.9676313,4.7307134,3.0,4.375,24
Mighty Monster,3.0,3.0,4.811206,3.0,4.9688206,4.950888,3.0,4.416666666666667,24
Mikey's Original New York Pizza,3.0,3.0,3.8191261,3.0,4.9749603,4.112883,3.0,3.7972972972972974,74
Mingle Cafe,3.0,3.0,4.1922026,1.9815402,4.3981547,4.002068,3.0,3.8285714285714287,35
Miss Ellie Tea House,3.0,3.0,4.8563275,3.0,3.0,4.6526036,3.0,4.333333333333333,36
Mitasu Restaurant,3.0,3.0,3.9120364,2.2521653,3.0,4.3440504,3.0,3.847457627118644,59
Mo-Mo Paradise,3.0,3.0,4.860104,3.0,4.9760118,4.95229,3.0,4.892857142857143,28
Moghul Mahal Restaurant,3.0,3.0,4.4870815,3.0,4.890761,4.228478,3.0,4.098039215686274,51
Mohd Yaseen Nasi Kandar,3.0,3.0,3.8985295,3.0,3.0,4.483161,3.0,4.0,48
Mohd.Yaseem Nasi Kandar Restaurant,4.8456125,3.0,3.670641,2.1134772,4.7545877,3.8905602,3.0,3.9478079331941545,479
Mojo Restaurant & Bar KL,3.0,3.0,3.0,3.0,4.9561815,4.622325,3.0,3.980769230769231,52
Monnalisa Ristorante Italiano,3.0,3.0,4.6202435,3.0293045,4.966938,4.596077,4.9496446,4.535714285714286,84
Morganfield's,3.0,3.0,3.8769255,2.20114,4.957424,3.8489592,3.0,3.3220338983050848,59
Mr Naan & Mrs Idly,3.0,3.0,4.639664,3.0,4.9682665,4.3524885,3.0,4.295081967213115,61
Mr. Dakgalbi,3.0,3.0,4.069037,1.895855,3.0,4.3024826,3.0,3.682926829268293,41
Muar Restaurant,3.0,3.0,4.667584,3.0,4.9616866,4.569618,3.0,4.19672131147541,61
Murni Restoran,3.0,3.0,3.0,3.0,3.0,4.330003,3.0,3.888888888888889,27
Museum Restaurant,3.0,3.0,4.8309517,3.0,3.0,4.874311,3.0,4.388888888888889,18
NADODI,3.0,4.7255583,4.6055717,3.0,4.9478874,4.510567,3.0,4.6482758620689655,145
NZ Curry House,3.0,3.0,4.83504,3.0809398,4.5132375,4.406747,3.0,3.9802631578947367,152
Nadodi KL,3.0,4.9515524,4.9030232,3.4079628,4.948514,4.7231917,3.0,4.7407407407407405,135
Nagasari Curry House,3.0,3.0,4.4028797,3.0,4.6537585,3.9313247,3.0,3.932584269662921,178
Naj & Belle,3.0,3.0,4.5976,3.0,3.0,4.364117,3.0,3.9411764705882355,17
Naked Restaurant & Bar,3.0,3.0,4.872747,3.0,4.9625854,4.105102,3.0,4.0,19
Nam Heong Chicken Rice,3.0,3.0,3.902698,3.0,4.5943418,3.5832477,3.0,3.68978102189781,274
Nam Heong Chicken Rice Chinatown,3.0,3.0,4.3049145,3.0,4.892715,4.092686,3.0,3.9361702127659575,47
Nana's Green Tea,3.0,3.0,4.3046374,3.0,3.0,4.6415386,3.0,3.8333333333333335,18
Nando's,3.0,3.0,4.4262104,2.1548674,4.9228797,4.255459,3.0,3.876923076923077,130
Nando's Nu Sentral,3.0,3.0,4.942748,1.8336099,3.0,3.712559,3.0,3.1724137931034484,29
Nandos,3.0,3.0,3.8887029,1.849376,3.0,3.5737698,3.0,3.4074074074074074,27
Nasi Ayam Hainan Chee Meng,3.0,3.0,4.286174,1.3513094,3.0,4.3204756,3.0,3.864864864864865,74
Nasi Kandar Pelita,3.0,3.0,4.387646,2.7051897,4.949453,4.3599477,3.0,3.9807073954983925,311
Nasi Lemak Saleha,3.0,3.0,4.31748,3.4054625,3.0,3.932719,3.0,3.736842105263158,19
Nasi Lemak Wanjo,3.0,3.0,4.1771145,3.0,4.956303,4.1930394,3.0,4.055555555555555,36
Nathalie Gourmet Studio,3.0,3.0,4.9350357,2.7026396,4.9650025,4.6844726,3.0,4.269230769230769,26
Nature's Vegetarian Restaurant,3.0,3.0,4.8625054,3.0,3.0,4.743346,3.0,4.111111111111111,18
Naughty Babe Dirty Duck,3.0,3.0,3.5226407,2.535099,3.0,4.51751,3.0,3.7777777777777777,27
Naughty Nuri's,3.0,3.0,4.5400805,2.893537,4.971451,4.5487027,3.0,4.3478260869565215,322
Nero Nero,3.0,4.427777,4.4832187,3.6391432,4.959687,4.341258,4.865451,4.473809523809524,420
Neroteca,3.0,3.0,3.7830675,2.4619718,4.9570503,4.4245415,3.0,3.9469026548672566,113
New Chapter by The Owls Cafe,3.0,3.0,4.167665,2.5598583,4.964664,4.4387584,3.0,4.024390243902439,41
Newens Tea House,3.0,3.0,3.0,3.0,4.9703803,4.672604,3.0,4.612903225806452,62
Nick's Restaurant & Bar,3.0,3.0,3.0,3.0,3.0,4.575868,3.0,4.5625,16
Nipah,3.0,4.967715,3.0,3.0,4.974043,4.8400793,3.0,4.839285714285714,56
Nipah at EQ,3.0,3.0,4.526855,3.0496962,4.8392954,4.299626,3.0,4.388888888888889,144
Nizza,3.0,4.8970327,4.9056063,4.8785024,4.9281597,4.802023,3.0,4.8579881656804735,169
Nizza Restaurant @ Sofitel Kuala Lumpur Damansara,3.0,3.0,3.0,3.0,4.9664955,3.63338,3.0,3.75,16
No Black Tie,3.0,3.0,3.0,1.8406949,3.0,4.2225337,3.0,3.5324675324675323,77
Noble House,3.0,3.0,4.6193643,3.0,4.9703445,4.399862,3.0,4.17948717948718,39
Nobu Kuala Lumpur,3.0,4.385735,3.90894,2.5990198,4.8698416,4.018998,3.0,3.8261562998405103,627
Nyonya Colors Nu Sentral,3.0,3.0,4.849185,3.0,3.0,4.419803,3.0,3.588235294117647,17
O'Galito,3.0,3.0,3.8470337,1.320006,4.9290724,3.6944215,3.0,3.642857142857143,56
OZEKI Tokyo Cuisine,3.0,3.0,4.0498157,2.589612,4.9654765,4.230278,3.0,4.0,68
Okonomi,3.0,3.0,4.7139215,3.0,3.0,4.610125,3.0,4.133333333333334,15
Old China Cafe,4.2393913,3.0,4.057698,2.4245884,4.87329,4.287406,3.0,3.934402332361516,686
Old Shanghai,3.0,3.0,4.2316036,2.934629,4.855663,4.3522415,3.0,4.336936936936937,555
Old Town White Coffee,3.0,3.0,4.0828276,3.0,4.036976,3.9861128,3.0,3.5441176470588234,68
Omakase + Appreciate,3.0,3.0,3.0,3.0,3.0,4.4314704,3.0,4.551724137931035,29
Onde Onde,3.0,3.0,4.2161417,2.5918996,4.911,4.5645237,3.0,3.90625,32
Open House,3.0,3.0,3.0,3.0,4.5723,4.4640193,3.0,4.2,20
Opium KL,3.0,4.968047,4.7456937,3.52981,4.970861,4.760426,3.0,4.66626065773447,821
Opus Bistro,3.0,3.0,4.5730267,3.7468166,4.4496074,4.4159822,3.0,3.9682539682539684,63
Oriental Cravings,3.0,3.0,4.5167217,1.3846507,3.0,4.1300645,3.0,3.7857142857142856,42
Outback Steakhouse BB Park,3.0,3.0,3.5813324,2.3909087,4.9518266,3.8201823,3.0,3.5668449197860963,187
Overall,3.0,3.0,3.0,3.0,3.0,4.5177174,3.0,4.0,18
Overseas Restaurant,3.0,3.0,4.1049848,3.1716766,4.9575405,3.9732158,3.0,3.861111111111111,180
PLOY,3.0,3.0,4.52547,2.732741,4.971702,4.3653255,3.0,4.173611111111111,144
PLOY Publika,3.0,3.0,4.4872866,3.0,3.0,4.3053503,3.0,4.05,20
PRIME,3.0,4.975031,4.155138,2.716442,4.8038006,4.2355514,3.0,4.3004291845493565,233
Pak Loh Chiu Chow,3.0,3.0,4.9537125,3.0,4.972743,4.759035,3.0,4.454545454545454,22
Pak Punjab,3.0,3.0,4.916595,3.0,3.0,4.024744,3.0,4.421052631578948,19
Palillos 'Spanish Yakitori Bar',3.0,3.0,3.0,3.0,4.965501,4.7518315,3.0,4.7105263157894735,38
Pampas Reserve Grill & Bar,3.0,3.0,4.4262996,3.6666896,4.9162073,4.587812,3.0,4.343373493975903,166
Pampas Reserve Steakhouse,3.0,3.0,4.092814,1.2755879,4.897237,4.3732295,3.0,4.183006535947713,153
Pampas at Old Malaya,3.0,3.0,3.968443,1.7257892,4.974667,4.5481358,3.0,3.929411764705882,85
Pan & Tamper,3.0,3.0,4.5073566,3.0,4.970331,4.521306,3.0,4.326086956521739,46
Papparich Nu Sentral,3.0,3.0,4.18388,3.0,3.0,4.6481667,3.0,3.7037037037037037,27
Paradise Dynasty Bangsar Village II,3.0,3.0,4.216908,3.0,3.0,4.504583,3.0,3.783333333333333,60
Paradise restaurant kuala lumpar,3.0,3.0,4.6730704,3.0,3.0,4.011268,3.0,4.055555555555555,18
Passage Thru India,3.0,3.0,4.09445,1.8060923,4.9216027,4.299814,3.0,4.0509977827051,451
Passage Thru India - Damansara,3.0,3.0,4.502354,3.0,4.951592,4.8690825,3.0,4.566666666666666,30
Pasta Zanmai NU Sentral,3.0,3.0,3.1119294,3.0,3.0,4.4710507,3.0,3.375,16
Pavilions Lounge,3.0,3.0,3.0,3.0,4.973758,4.919029,3.0,4.85,20
Persia Restaurant,3.0,3.0,3.8248608,3.0,4.946612,4.5183015,3.0,3.806451612903226,31
Peter Hoe Cafe,3.0,3.0,4.9254594,2.040225,3.0,4.340261,3.0,3.72972972972973,37
Peter's Pork Noodles,3.0,3.0,3.0,3.0,3.0,4.5128984,3.0,4.142857142857143,21
Pho Vietz - CLOSED,3.0,3.0,4.799052,3.0,3.0,4.1582503,3.0,3.9444444444444446,36
Pier 12 Seafood Tavern,3.0,3.0,4.4930687,2.0260375,4.950295,4.432415,3.0,4.477157360406092,394
Pigs & Wolf,3.0,3.0,3.739366,2.0754125,3.0,4.1002026,3.0,3.164705882352941,85
Pintu,3.0,3.0,3.0,3.0,4.978118,4.2633324,3.0,4.777777777777778,18
Pisco Bar,3.0,3.0,3.0,1.7896161,4.9720693,4.6901917,3.0,4.289156626506024,83
Pizza Brava,3.0,3.0,3.0,3.0,4.950073,4.3614373,3.0,3.95,20
Plane In The City,3.0,4.862483,3.8508599,2.2173228,4.9657187,4.448701,3.0,4.527918781725888,197
Pool Bar & Grill,3.0,3.0,3.0,3.0,4.9679875,4.9531302,3.0,5.0,34
Porto Romano,3.0,3.0,4.3222284,2.3489828,4.9628887,4.287638,3.0,3.8018018018018016,111
Portofino Bangsar Lucky Garden,3.0,3.0,4.2437816,3.9762783,4.9550896,4.351567,3.0,4.125,96
Positano Risto,3.0,4.9701433,4.837835,3.910081,4.956497,4.7842855,4.9526978,4.868263473053892,835
Positano Risto @ Publika,3.0,4.52843,4.067496,3.6284714,4.892684,4.3488235,3.8035152,4.323404255319149,470
Prego,3.0,4.9766316,4.185078,3.0542812,4.9597297,4.3215795,4.898167,4.338858195211786,543
Prime,3.0,4.972706,4.492187,3.209069,4.967145,4.301238,3.0,4.473815461346633,401
Proof Pizza and Wine,3.0,3.0,3.857371,1.9114889,4.8290358,4.5658946,3.0,3.8461538461538463,39
Purple Cane Tea Restaurant,3.0,3.0,4.555494,3.0,3.0,4.092219,3.0,3.7567567567567566,37
Quivo Pavilion,3.0,4.975419,4.8025007,3.0175183,4.9504013,4.6737213,3.0,4.632027257240204,587
Qureshi,3.0,3.0,4.4737806,3.0377994,4.899939,4.3066764,3.0,4.40990990990991,222
Qureshi Malaysia,3.0,3.0,4.7483926,3.0,4.9647565,4.580619,3.0,4.601503759398496,133
RSMY,3.0,3.0,4.1003184,2.082401,4.9408917,3.9813805,3.0,3.996904024767802,646
Ra-Ft,3.0,3.0,4.1034822,2.2227516,4.9779086,4.4375396,3.0,4.148148148148148,27
Raj's Banana Leaf,3.0,3.0,4.3767276,1.1686653,3.9020524,4.182201,3.0,3.4225352112676055,71
Rakuzen Japanese Restaurant,3.0,3.0,4.7060943,3.0,3.0,4.035166,3.0,3.8,25
Rama V Fine Thai Cuisine,3.0,3.0,4.316135,1.7401692,4.960853,4.0990186,3.0,3.8,155
Ramly Burger Stall,3.0,3.0,4.8346376,3.0,3.0,3.5616627,3.0,4.235294117647059,17
Rani Vilas Restaurant Batu Caves,3.0,3.0,3.0,3.0,3.0,4.1408415,3.0,3.6666666666666665,18
ReDynasty The Emperor's Bar,3.0,3.0,3.0,3.0,4.9625316,4.9660068,3.0,4.9743589743589745,39
Restaurant Rani,3.0,3.0,4.712293,3.0,4.9705963,4.344966,3.0,4.266666666666667,15
Restaurant Sun Chui Yuen,3.0,3.0,4.122576,3.0,3.0,4.56385,3.0,3.9310344827586206,29
Restaurant Win Heng Seng,3.0,3.0,4.617721,3.0,3.0,4.315251,3.0,4.2,20
Restoran Beriani Asif,3.0,3.0,4.155276,3.0,3.0,4.296637,3.0,4.0625,16
Restoran Char Siew Yoong,3.0,3.0,4.118229,3.0,3.0,4.577171,3.0,3.911764705882353,34
Restoran Dragon View,3.0,3.0,3.4981232,1.0728796,4.956685,4.02071,3.0,3.507042253521127,71
"Restoran Jin Xuan Hong Kong """"Kuchai Lama",3.0,3.0,3.0,3.0,3.0,3.9509435,3.0,3.75,16
Restoran Kudu Bin Abdul Nasi Kandar Penang,3.0,3.0,4.4010334,3.0,3.0,4.018963,3.0,4.34375,32
Restoran Lim Kee,3.0,3.0,4.579008,3.3934221,3.0,4.642683,3.0,4.111111111111111,27
Restoran Mahbub,3.0,3.0,4.229884,3.0,4.6369047,3.8508816,3.0,3.82,50
Restoran Makanan Laut Lau Heong,3.0,3.0,4.5053267,3.0,3.0,4.5459714,3.0,3.966666666666667,30
Restoran Nagasari Curry House,3.0,3.0,4.6699386,2.316941,4.980225,4.4837146,3.0,4.315068493150685,146
Restoran Nasi Ayam Kam Kee,3.0,3.0,4.8759055,3.0,3.0,4.652656,3.0,4.3,20
Restoran Pik Wah,3.0,3.0,4.756273,3.0,3.0,4.739319,3.0,4.206896551724138,29
Restoran Rebung Chef Ismail,3.0,3.0,4.281211,3.5762408,4.9113846,4.498478,3.0,4.1521739130434785,138
Restoran Rebung Dato Chef Ismail,4.8723116,3.0,4.230377,2.4430377,4.791999,4.3757143,3.0,4.282312925170068,294
Restoran Sai Woo,3.0,3.0,4.231995,1.879156,4.9743857,3.8154528,3.0,3.7565789473684212,152
Restoran Sek Yuen,3.0,3.0,4.328502,3.4435158,4.949598,4.089526,3.0,4.048543689320389,103
Restoran Siu Siu,3.0,3.0,4.490265,2.3217683,3.6164768,4.273027,3.0,3.9726027397260273,73
Restoran Soong Kee,3.0,3.0,4.6295443,3.0,3.0,4.297191,3.0,4.260869565217392,46
Restoran Stadium Negara,3.0,3.0,4.19003,3.0,4.9658546,4.3926334,3.0,4.1454545454545455,55
Restoran Suria,3.0,3.0,4.2967386,3.0,3.0,4.75744,3.0,4.055555555555555,18
Restoran Yusoof Dan Zakhir,3.0,3.0,3.9679809,2.6039128,4.654885,3.9804997,3.0,4.041062801932367,414
Restoran Yusoof dan Zakhir,3.0,3.0,4.6112223,2.5966136,4.8245335,4.54388,3.0,4.111111111111111,216
Ril's Bangsar,3.0,3.0,3.8246055,1.8284557,4.8445425,4.0694785,3.0,3.712328767123288,73
Rise & Shine by Tapestry,3.0,3.0,4.792658,3.0,3.0,4.325035,3.0,4.3076923076923075,26
Rock Bottom Bangsar,3.0,3.0,3.0,1.6503915,4.976979,4.4553485,3.0,3.857142857142857,28
Rock Bottom Changkat,3.0,3.0,3.0,1.6836418,3.0,4.5550737,3.0,4.015625,64
Rock Salt Restaurant,3.0,3.0,4.711443,3.0,4.9737706,4.82884,3.0,4.805555555555555,36
Rocku Yakiniku,3.0,3.0,3.9023979,2.5037909,4.9732323,4.2336984,3.0,3.857142857142857,49
Rococo Cafe Restaurant,3.0,3.0,3.0,3.0,3.0,4.552987,3.0,4.222222222222222,18
Rokko KL Japanese Grill Dining,3.0,3.0,4.7551947,3.0,4.956116,3.6593394,3.0,3.473684210526316,19
Roofino Skydining,3.0,3.0,3.0,3.0,4.94842,4.324497,3.0,3.948717948717949,39
Rooftop 25 @ Hilton Garden Inn Kuala Lumpur,3.0,3.0,3.0,1.9364017,3.6577117,3.8783638,3.0,3.1666666666666665,18
Rooftop 25 Bar and Lounge KL,3.0,4.9757147,3.0,3.0,4.9669685,4.7977066,3.0,4.831325301204819,83
Ruyi & Lyn,3.0,3.0,4.4086747,3.0,3.0,3.4031107,3.0,3.4827586206896552,29
S.Wine Café,3.0,3.0,4.399095,3.5055242,3.0,4.295926,3.0,3.8421052631578947,95
SK Corner,3.0,3.0,4.6805925,3.0,3.0,4.2519317,3.0,3.892857142857143,28
SOULed OUT Ampang,3.0,3.0,4.926801,2.1940434,4.882676,4.289508,3.0,3.7218543046357615,151
SOULed OUT Bangsar South,3.0,3.0,3.4331563,1.8045388,4.9679494,4.3127985,3.0,3.5694444444444446,72
STG Bukit Ceylon,3.0,3.0,3.0,3.0,4.915447,4.7094855,3.0,4.833333333333333,18
Saba Restaurant,3.0,3.0,3.4559534,3.0,3.0,4.185958,3.0,3.4615384615384617,26
Sabayon,3.0,4.9779305,3.0,1.9359596,4.9713492,4.737337,3.0,4.533333333333333,60
Sae Ma Eul Bbq,3.0,3.0,4.2126145,3.0,3.0,3.280142,3.0,3.9375,16
Sagar Restaurant,3.0,3.0,4.358457,2.9563148,4.955593,4.6080523,3.0,4.1835443037974684,158
Sage Restaurant & Wine Bar,3.0,3.0,4.3427076,2.6210036,4.964132,3.968078,3.0,4.0,104
Sahara Tent,3.0,3.0,3.750408,3.0,4.9760423,4.2886677,3.0,3.9272727272727272,55
Sai Woo,3.0,3.0,4.206656,2.2917573,4.9661098,4.517428,3.0,3.988888888888889,90
Samad Al Iraqi Restaurant,3.0,3.0,4.4662137,3.0,4.9676743,4.2596397,3.0,4.0,53
Samba Brazilian Steakhouse Avenue K,3.0,3.0,4.0768557,2.3499453,4.9499965,4.2663164,3.0,4.032894736842105,152
Sambal Hijau,3.0,3.0,4.8370414,3.0,4.96651,4.1950793,3.0,4.116666666666666,60
Samira by Asian Terrace,3.0,3.0,3.4121363,2.5933244,4.9585,4.2150164,3.0,3.872093023255814,86
Sangeetha,3.0,3.0,4.7176766,1.4386803,4.7407856,4.3868327,3.0,4.0497237569060776,181
Sanoook,3.0,3.0,4.6079397,3.0,4.812181,4.6509023,3.0,4.111111111111111,27
Sanuki Udon,3.0,3.0,3.0,3.0,3.0,4.3301196,3.0,4.133333333333334,15
Sarang,3.0,3.0,4.3831472,3.0,4.8681216,4.2742853,3.0,4.434782608695652,138
Sarang Cookery,3.0,3.0,4.6561894,2.8622055,4.9692163,4.8446927,3.0,4.649122807017544,57
Saravana Bhavan,3.0,3.0,4.4872723,3.0,4.958105,4.245617,3.0,4.0510948905109485,137
Saravanaa Bhavan,3.0,3.0,3.991035,3.0,4.9607224,4.325312,3.0,3.9849624060150375,133
Satay Station,3.0,3.0,4.3698807,3.0,4.2636704,3.9504006,3.0,3.896551724137931,29
Sausage KL Cafe & Deli,3.0,3.0,4.890524,4.3334436,4.9631066,4.7926736,4.8438187,4.838356164383562,365
Savini Ristorante Italiano,3.0,3.0,4.538264,3.0,4.92754,4.350376,3.0,4.107142857142857,28
Secret Recipe,3.0,3.0,4.003716,3.0,3.0,4.3846664,3.0,3.4545454545454546,22
Seetharam,3.0,3.0,3.6906395,1.88316,3.0,4.312885,3.0,3.4615384615384617,26
Senya Izakaya Publika,3.0,3.0,4.9136024,2.0275283,4.9447775,4.4556193,3.0,4.208955223880597,67
Senya Sake & Dining,3.0,3.0,3.0,1.3872645,3.0,4.07186,3.0,2.9411764705882355,17
Senya Sake and Dining - CLOSED,3.0,3.0,4.8374395,3.0,4.968667,4.612785,3.0,4.36986301369863,73
Serena Brasserie,3.0,3.0,3.8670447,3.071912,4.9513755,4.1882234,3.0,4.119791666666667,192
Serendib Restaurant & Bar,3.0,3.0,4.8788943,3.0,4.965193,4.710691,3.0,4.615384615384615,26
Sham's Cooked With Love,3.0,3.0,4.962458,3.0,4.9770703,4.733148,3.0,4.673469387755102,49
Shang Palace,3.0,4.97384,4.586875,2.6290543,4.896729,4.088352,3.0,4.170391061452514,358
Shanghai,3.0,3.0,4.3691134,1.3561713,4.957805,4.430411,3.0,4.116279069767442,43
Shawarma Damascus,3.0,3.0,4.354875,3.0,4.9363003,4.831299,3.0,4.28,25
Shell Out,3.0,3.0,3.0,3.0,4.8385787,4.078945,3.0,3.764705882352941,17
Shin Nihon,3.0,3.0,4.904319,1.9951009,4.9501276,4.51636,3.0,4.3,30
Ship,3.0,3.0,3.9689329,1.3541679,4.9618692,4.207616,3.0,3.6666666666666665,75
Shisha Lounge,3.0,3.0,3.0,3.0,4.1978407,3.611042,3.0,3.5476190476190474,42
Shook!,3.0,3.0,4.0956206,2.5101297,4.6213574,4.1923633,3.0,3.911290322580645,248
Shucked,3.0,3.0,4.685278,3.0,3.0,4.8842783,3.0,4.5,16
Shucked Oyster and Seafood Bar,3.0,3.0,4.5584073,2.2556314,4.963647,4.3849683,3.0,4.260416666666667,96
Simple Life,3.0,3.0,4.5303187,3.0,4.322825,4.502339,3.0,4.2,35
Simple life,3.0,3.0,3.0,3.0,3.0,4.227406,3.0,4.25,20
Sin Kee Restaurant,3.0,3.0,4.4655976,2.6066086,3.0,3.9769483,3.0,3.547169811320755,53
Singh Chapati House Sdn Bhd,3.0,3.0,4.0936103,3.0,4.9565845,4.4467783,3.0,3.789473684210526,38
Siti Li Dining,3.0,3.0,3.0,2.0311363,3.0,4.1622753,3.0,3.9473684210526314,19
Sitka Restaurant,3.0,3.0,3.9799178,2.732356,3.0,4.048197,3.0,3.6923076923076925,52
Skillet KL,3.0,4.9703317,4.6424932,3.149663,4.9482327,4.502966,3.0,4.511024643320363,771
Sopoong,3.0,3.0,4.402516,3.0,3.0,4.4034696,3.0,4.117647058823529,34
Sou Omakase Dining,3.0,4.9656596,4.9560623,3.0,4.928216,4.532024,3.0,4.264705882352941,34
Souled Out,3.0,3.0,4.1116548,1.8890394,4.9426103,4.2721076,3.0,3.756880733944954,218
Southern Rock Seafood,3.0,3.0,4.150306,2.3055522,4.9744782,4.6260314,3.0,3.9012345679012346,81
Spice Garden,3.0,3.0,4.548222,2.9205437,4.9056,3.9294205,3.0,3.8333333333333335,42
Splash,3.0,3.0,3.0,3.0,3.6906154,4.389905,3.0,4.315789473684211,19
Sri Nirwana Maju Restaurant,3.0,3.0,4.264605,4.194305,4.971624,4.2806625,3.0,4.08235294117647,170
Sri Nirwana Maju Restaurant - Bangsar,3.0,3.0,4.26203,3.3146648,4.945978,4.0483193,3.0,4.01,300
Sri Paandi Bukit Bintang,3.0,3.0,4.096868,3.0,4.8018866,3.7964268,3.0,3.566666666666667,30
Steaks & Lobsters,3.0,3.0,4.35737,3.0,4.968942,4.120671,3.0,3.8653846153846154,52
Stoked Restaurant & Bar,3.0,3.0,4.559517,3.0,3.0,4.024278,3.0,4.0,26
Strato,3.0,3.0,3.2445614,2.5535522,4.5825973,4.002504,3.0,3.6315789473684212,95
Subway,3.0,3.0,4.1329274,3.0,3.0,3.914294,3.0,3.769230769230769,65
Sun Fong Bak Kut Teh,3.0,3.0,3.9726512,3.0,3.0,3.7681997,3.0,3.5945945945945947,37
Super Saigon Sri Hartamas,3.0,3.0,4.7479234,3.0,3.0,4.6688447,3.0,4.166666666666667,18
Supperclub KL,3.0,3.0,4.6595373,3.0,4.967906,4.9490104,3.0,4.565217391304348,23
Suraya Seafood,3.0,3.0,4.5398984,3.0,3.0,4.2635155,3.0,4.0,23
Sushi Azabu,3.0,3.0,4.947418,3.0,3.0,4.2814307,3.0,4.0,19
Sushi Hibiki,3.0,3.0,4.883486,4.036573,4.9518905,4.6875033,3.0,4.838709677419355,124
Sushi Oribe,3.0,3.0,4.4634275,3.2908165,4.9654784,4.568166,3.0,4.531531531531532,111
Sushi Tei,3.0,3.0,4.1563525,1.4522134,3.0,3.6557148,3.0,3.3768115942028984,69
Sushi Zanmai,3.0,3.0,3.8775835,2.0466597,4.577672,4.134767,3.0,3.673202614379085,153
Suzi's Corner,3.0,3.0,4.6814923,2.561632,4.9635606,4.310441,3.0,4.111111111111111,198
Symphony by Chef Jo,3.0,3.0,3.5950956,3.0,3.0,4.2468147,3.0,4.055555555555555,18
TEMPTationS,3.0,3.0,4.287014,3.3943462,4.962549,4.158889,3.0,4.235955056179775,178
TGI Friday,3.0,3.0,3.1587265,2.8294225,4.9712853,3.8591871,3.0,3.4886363636363638,88
THE BAR°N @ Pavilion KL,3.0,3.0,3.0,3.0,4.9792747,4.778003,3.0,4.111111111111111,18
THIRTY8,3.0,4.9228244,3.8375576,2.623081,4.9683595,4.392394,3.0,4.164271047227926,487
THIRTY8 Restaurant,3.0,4.4148917,3.5474374,2.6904278,4.743078,4.3478627,3.0,4.181628392484343,479
TRACE Restaurant and Bar - Element by Westin Kuala Lumpur,3.0,3.0,3.5364854,2.1295369,4.8126445,3.7962468,3.0,3.6209150326797386,153
TTDI Meat Point Steakhouse,3.0,3.0,4.5437255,3.0,4.388421,4.7428746,3.0,4.16,50
TWG Tea at Pavilion KL,3.0,3.0,3.7543442,1.6768434,4.835175,3.689368,3.0,3.488888888888889,90
Table 23,3.0,3.0,4.1231585,3.0,4.9696255,4.70526,3.0,4.222222222222222,45
Taka,3.0,3.0,4.140863,3.0,4.966875,4.303933,3.0,4.5,28
Tamarind Springs By Samadhi,3.0,3.0,4.2274876,2.6802907,4.963402,4.362176,3.0,4.166666666666667,360
Tangerine,3.0,3.0,3.0,3.0,3.0,4.5214467,3.0,4.235294117647059,17
Tao Chinese Cuisine,3.0,3.0,4.4145255,1.8805512,4.966398,4.4090223,3.0,4.035087719298246,57
Tarbush Restaurant,3.0,3.0,4.29209,1.4174287,3.0,4.402396,3.0,3.9130434782608696,23
Tarbush Starhill,3.0,3.0,4.201707,2.0738163,4.8657804,4.341495,3.0,3.9034482758620688,145
Taste of Asia,3.0,3.0,3.0,3.0,3.0,4.1576996,3.0,4.0,20
TasteBud,3.0,3.0,4.9284825,3.0,4.964958,4.8189583,3.0,4.659090909090909,44
Tasty Chapathi Restaurant - KL,3.0,3.0,4.4254823,2.2408576,4.8525066,4.243079,3.0,3.9204545454545454,88
Tate,3.0,3.0,3.0,3.0,4.9480147,4.37598,3.0,4.40625,32
Tatsu Japanese Cuisine,3.0,3.0,3.0667171,3.6236503,4.952191,4.4173055,3.0,4.183673469387755,49
Tatto,3.0,3.0,4.718117,2.0771632,4.965393,4.465224,3.0,4.302752293577981,109
Temptations Kitchen + Bar,3.0,3.0,3.0,2.3906982,4.931511,4.3773775,3.0,4.30379746835443,79
Tenmaya Japanese Cuisine,3.0,3.0,4.8341684,3.0,3.0,4.568207,3.0,4.392857142857143,28
Teppanyaki,3.0,3.0,4.023504,3.0,3.0,4.794236,3.0,4.05,20
Tg's Nasi Kandar,3.0,3.0,4.6801705,3.525544,4.9038367,4.701494,3.0,4.539256198347108,484
Thai Tuk Tuk,3.0,3.0,4.1016965,3.0,3.0,3.8634984,3.0,3.6,25
The Apartment,3.0,3.0,2.4761586,1.9163407,4.97644,4.1489677,3.0,3.375,112
The BAR°N @1 Mont Kiara,3.0,3.0,2.4399602,2.473032,4.9698296,3.9771984,3.0,3.4166666666666665,60
The Beato Aged Steakhouse,3.0,3.0,3.9630997,3.0,4.539113,4.328538,3.0,3.9381443298969074,97
The Brasserie - The St. Regis Kuala Lumpur,3.0,3.0,4.330707,3.7422168,4.9747605,4.317719,3.0,4.24,50
The Cafe at the Royal Selangor Visitor Centre,3.0,3.0,3.0,3.0,3.0,4.7181587,3.0,4.36,25
The Canteen by Chef Adu,3.0,3.0,3.0,3.0,3.0,4.8541026,3.0,4.4375,16
The Castle Restaurant,3.0,3.0,1.5416104,3.0,4.958044,4.859745,3.0,4.15625,32
The Ceylon bar,3.0,3.0,3.0,3.0,3.0,4.7591405,3.0,4.190476190476191,21
The Daily Grind,3.0,3.0,4.3687406,3.0,4.5556827,4.36594,3.0,3.981818181818182,110
The Enclave Bangsar,3.0,3.0,3.0,3.0,4.97759,4.9294124,3.0,4.857142857142857,21
The Grand Getaway,3.0,4.9743543,3.0,3.0,4.967993,4.6537824,3.0,4.809523809523809,42
The Grand Getaway by Grand Hyatt Kuala Lumpur,3.0,4.9658575,3.0,4.0574846,4.9794636,4.775055,3.0,4.820224719101123,89
The Green Man Bar,3.0,3.0,3.0,3.0,4.587622,4.4777384,3.0,4.304347826086956,138
The Green Man Pub & Restaurant,3.0,3.0,3.0,3.0,4.9488354,4.466693,3.0,4.1415929203539825,113
The Han Room,3.0,3.0,4.208754,1.8730776,4.505037,3.8033051,3.0,3.68,75
The Living Room,3.0,4.9708343,3.3334372,2.364311,4.872069,4.168538,3.0,4.197309417040358,223
The Loaf (Pavillion Kuala Lumpur),3.0,3.0,4.555865,2.0736716,4.978797,3.995886,3.0,3.6842105263157894,114
The Lobby Lounge,3.0,3.0,4.2842474,3.5913296,4.8629208,4.5148625,3.0,4.5,118
The Lounge at Four Seasons,3.0,4.979016,4.9285083,2.1712544,4.9027376,4.439659,3.0,4.505154639175258,194
The Magnificent Fish & Chips Bar,3.0,3.0,4.209456,2.4821534,4.9466953,4.436293,3.0,3.967741935483871,186
The Majapahit,3.0,3.0,4.5866566,3.0,4.97491,2.991198,3.0,3.6551724137931036,29
The Mill Cafe,3.0,3.0,4.0170326,1.396461,4.96986,3.7072718,3.0,3.641025641025641,78
The Ming Room,3.0,3.0,4.30853,2.0995677,4.954379,4.1834908,3.0,3.7450980392156863,102
The Olive Tree,3.0,3.0,3.9267883,3.0,4.9697003,4.055363,3.0,3.67816091954023,87
The Rabbit Hole,3.0,3.0,4.028309,2.2232473,4.5484495,4.3695326,3.0,3.996732026143791,306
The Social,3.0,3.0,4.184548,1.9927056,4.896053,4.3094516,3.0,3.6133333333333333,150
The Steakhouse KL,3.0,4.977564,4.574163,4.069526,4.970627,4.7076354,3.0,4.5754560530679935,603
The Steakhouse KL 章卡牛排之馆,3.0,3.0,4.01528,3.1934316,4.848182,4.2862997,3.0,4.280487804878049,246
The Terrace at Tamarind Springs,3.0,3.0,3.0,3.0,4.954696,4.401764,3.0,4.24,25
The Thai Authority,3.0,3.0,4.332767,3.0,4.9768443,4.7197995,3.0,4.444444444444445,72
The Whisky Bar,3.0,4.968234,4.5714393,4.036093,4.960572,4.7780504,3.0,4.7275775356244765,1193
The Whisky Bar KL 威士金酒吧,3.0,3.0,4.732447,3.8454936,4.9310646,4.381936,4.8166733,4.551020408163265,245
Ticklish Ribs & 'Wiches,3.0,3.0,4.775605,3.0,4.9673786,4.9562716,3.0,4.875,24
Tigerlily Thai Restaurant,3.0,3.0,3.1000135,3.0,4.9708037,3.9449341,3.0,3.6153846153846154,26
Tiki Taka,3.0,3.0,4.8788033,3.0,4.956619,4.29596,3.0,3.925925925925926,27
Tokyo Kitchen,3.0,3.0,3.0,3.0,3.0,3.9957273,3.0,3.7586206896551726,29
Tokyo Teppan,3.0,3.0,4.881685,3.0,4.974399,4.2223573,3.0,4.0,29
Tonka Bean Cafe,3.0,3.0,4.5447035,2.0575438,4.978575,4.0359144,3.0,3.782608695652174,69
Tony Roma's,3.0,3.0,3.949567,2.8283267,4.705703,3.943845,3.0,3.5902777777777777,144
Topshelf,3.0,3.0,4.336465,3.0,3.0,4.6232677,3.0,4.117647058823529,34
Trace Restaurant & Bar,3.0,3.0,4.5375137,2.8069477,4.970089,4.635271,3.0,4.4021739130434785,92
Troika Sky Dinning,3.0,3.0,3.0,3.0,4.978208,4.4016504,3.0,4.241379310344827,29
Tujo,3.0,4.9633317,4.103355,3.000877,4.9330816,4.4086523,3.0,4.197916666666667,384
Turkish Cafe Istanbul,3.0,3.0,4.4730573,3.0,4.962939,4.6758394,3.0,4.238095238095238,42
U Cafe,3.0,3.0,4.652141,2.4811535,3.0,4.8152943,3.0,3.793103448275862,29
UK Asia Pakistani,3.0,3.0,4.775543,3.0,4.9625726,4.1954656,3.0,3.8285714285714287,35
Umai-Ya,3.0,3.0,3.932196,2.3031301,4.9658017,3.6925488,3.0,3.596774193548387,62
Uncle Don's Solaris Dutamas - Publika,3.0,3.0,3.0,2.1901062,3.0,4.3415055,3.0,3.730769230769231,26
Uokatsu,3.0,3.0,4.664385,3.0,3.0,3.9548507,3.0,3.892857142857143,28
Urbean,3.0,3.0,3.0,3.0,3.0,4.819398,3.0,4.24,25
Valentine Roti,3.0,3.0,4.917271,3.692393,3.0,4.397606,3.0,4.4,45
Vantador,3.0,3.0,4.5608215,3.0,4.9463453,3.9573317,3.0,4.3,30
Vasco's,3.0,4.886098,4.0092983,3.0073862,4.9580536,4.247569,3.0,4.50453720508167,551
Vertigo,3.0,3.0,3.0,2.3617837,4.9715514,4.4771724,3.0,4.273809523809524,84
Vertigo @ Banyan Tree Kuala Lumpur,3.0,3.0,3.0,1.577006,4.5589933,4.250014,3.0,4.109947643979058,191
Village Roast Duck,3.0,3.0,4.426653,3.9649706,4.4765306,4.468574,3.0,4.125,104
Village Roast Duck @ Bangsar Village,3.3722918,3.0,4.6195183,1.7840524,4.9155736,4.037152,3.0,4.0,234
Vin's Restaurant,3.0,4.9769998,4.303025,2.582911,4.914485,4.3189125,3.0,4.257142857142857,385
Vin's Restaurant and Bar,3.0,4.9772263,4.622265,3.9799318,4.9731193,4.732309,3.0,4.659375,320
Vinh City Entertainment,3.0,3.0,4.954405,3.0,3.0,4.9048166,3.0,4.615384615384615,26
Vinni Jeyaa Banana Leaf Curry House,3.0,3.0,3.9731312,2.9271343,3.0,4.529766,3.0,3.8333333333333335,18
Vishal Food and Catering,3.0,3.0,4.5907435,2.0891733,4.937762,4.017257,3.0,3.8125,80
Vivo American Pizza & Panini,3.0,3.0,4.1442375,1.368525,4.902934,4.522883,3.0,3.8823529411764706,51
W XYZ Bar,3.0,3.0,3.0,3.0,3.0,4.2738857,3.0,4.117647058823529,17
W1 Dining & Cocktails,3.0,3.0,3.0,3.0,4.9767365,4.7673516,3.0,4.666666666666667,21
WET Deck,3.0,3.0,3.0,3.4108243,4.95969,4.5858927,3.0,4.47457627118644,118
WET® Deck,3.0,3.0,3.0,1.9890144,4.542602,4.228818,3.0,4.202127659574468,188
WIP,3.0,3.0,4.2235875,2.6839125,4.9352956,4.5736327,3.0,4.035714285714286,140
WOW KL,3.0,3.0,3.0,1.4521312,4.925878,4.120246,3.0,3.6,85
WTF - What Tasty Food,3.0,3.0,4.6010127,1.380061,4.860777,4.452895,3.0,4.184615384615385,130
WXYZ Bar,3.0,3.0,3.0,3.0,4.9600787,4.560452,3.0,4.645161290322581,62
Wadi Hadramawt,3.0,3.0,4.095192,3.677056,4.9628468,4.517396,3.0,4.1125,80
Warisan Cafe,3.0,3.0,4.3171024,3.1177762,4.890643,4.246227,3.0,4.083333333333333,72
Waroeng Penyet - NU Sentral,3.0,3.0,4.5949607,1.9653479,3.0,4.521324,3.0,3.7058823529411766,17
Water Lily Vegetarian Restaurant,3.0,3.0,4.549801,3.0,3.0,4.4229527,3.0,4.290322580645161,31
Way Modern Chinois,3.0,3.0,4.6934457,3.0,4.835909,4.4246483,3.0,4.363636363636363,55
Weissbrau Bistro & Bar,3.0,3.0,3.1435764,3.0,3.0,3.7938576,3.0,3.5961538461538463,52
Whimsy Malaysia,3.0,3.0,3.0,3.0,4.9561,4.7429547,3.0,4.473684210526316,19
White Horse Tavern,3.0,3.0,4.963627,3.0,4.9734845,4.21274,3.0,4.086956521739131,23
Wild Honey Malaysia,3.0,3.0,3.7826571,1.4830791,4.9352264,4.004032,3.0,3.371794871794872,78
Wild Sheep Chase,3.0,3.0,3.0,3.0,3.0,4.4539347,3.0,3.3333333333333335,18
Wildflowers,3.0,3.0,4.838791,3.0,4.9802327,4.85166,3.0,4.5,18
Wizards at Tribeca,3.0,3.0,4.668051,3.3271132,4.964936,4.638626,3.0,4.472727272727273,55
Wong Kee Hai Lam Chicken Rice & Roast Pork,3.0,3.0,4.696287,3.2135868,3.0,4.226512,3.0,4.2,35
Wurst KL,3.0,3.0,4.9504037,3.0,4.978736,4.5834737,3.0,4.774193548387097,31
Xenri Japanese Cuisine,3.0,3.0,3.0,3.2942097,4.849973,4.4721713,3.0,3.9615384615384617,26
Xin Cuisine,3.0,3.0,4.424516,2.6217484,4.9577327,3.7963274,3.0,3.6458333333333335,48
YEN,3.0,4.965005,4.585649,3.0,4.9230924,4.494037,3.0,4.659090909090909,132
YUZU Japanese Restaurant,3.0,3.0,3.4882596,1.9278128,4.634443,3.870238,3.0,3.411764705882353,102
Yeast,3.0,3.0,4.403603,2.8580055,4.9652348,4.3800178,3.0,3.953488372093023,172
Yellow Brick Road,3.0,3.0,3.7889187,2.3711214,4.9614964,3.8423529,3.0,3.6153846153846154,104
Yezi Steamboat,3.0,3.0,4.5043573,3.0,4.972746,4.7475057,3.0,4.377049180327869,61
Yun House,3.0,4.902091,4.67839,4.042941,4.958052,4.3881655,3.0,4.582959641255606,223
Yut Kee,4.561857,3.0,3.9133792,3.5278916,4.9095488,4.276271,3.0,3.955223880597015,201
Yut Kee Restaurant,4.215932,3.0,3.8775823,3.7827094,4.9501047,4.114299,3.0,4.06,300
ZENZERO Restaurant & Wine Bar,3.0,3.0,4.079451,1.4917723,4.864833,4.5258613,4.894599,4.373684210526315,190
Zende Restaurant,3.0,3.0,4.7445407,3.0,4.5347414,4.2369833,3.0,3.8947368421052633,19
Zenzero Restaurant & Wine Bar,3.0,3.0,4.847377,3.6760948,4.9533215,4.737752,4.9546127,4.656179775280899,445
Zipangu,3.0,3.0,4.463935,2.171241,4.9598737,4.0532775,3.0,4.1269349845201235,323
el iberico,3.0,3.0,4.4960103,3.2798011,4.973776,4.647363,3.0,4.651685393258427,178
hokkaido seafood restaurant,3.0,3.0,4.5294003,3.0,4.9741707,4.369863,3.0,4.271604938271605,81
leaf & co. cafe,3.0,3.0,4.3871446,2.017722,4.828464,4.320505,3.0,3.997920997920998,481
sarvana bhavan,3.0,3.0,4.0691013,3.0,4.9696856,4.4303007,3.0,4.1,50
twenty-one kitchen+bar,3.0,3.0,4.289843,3.0,4.96532,4.6538644,3.0,4.218181818181818,55
Ăn Viet,3.0,3.0,4.3562818,1.9695063,3.0,3.9295068,3.0,3.625,72
